system,cluster,min_atom_distance_A,centroid_distance_A,n_atoms,residues,Alpha_sphere_density,Apolar_SASA,Apolar_alpha_sphere_proportion,Cent._of_mass___Alpha_Sphere_max_dist,Charge_score,Druggability_Score,Flexibility,Hydrophobicity_score,Mean_alp._sph._solvent_access,Mean_alpha_sphere_radius,Mean_local_hydrophobic_density,Number_of_Alpha_Spheres,Polar_SASA,Polarity_score,Proportion_of_polar_atoms,Score,Total_SASA,Volume,Volume_score
012931,2,2.572,7.393,40,VAL:A47;PHE:A125;GLY:A50;GLU:A51;ALA:A54;LEU:A140;GLU:A145;GLU:A179;THR:A149;ALA:A144;PHE:A153;ILE:A218;LEU:A152;PHE:A221;LEU:A222;PHE:A217;PHE:A46;PHE:A128;TYR:A148,4.167,68.835,0.75,10.817,-3,0.861,0.879,59.526,0.501,3.865,43.042,64,12.858,5,22.5,0.401,81.692,353.111,4.579
050272,3,2.37,6.923,33,LEU:A184;GLU:A95;THR:A193;PHE:A172;GLY:A94;ALA:A98;PHE:A197;GLU:A223;ALA:A188;PHE:A265;LEU:A262;VAL:A91;VAL:A90;LEU:A266;LEU:A169;GLU:A189;ILE:A196;TYR:A192,3.601,83.326,0.741,10.449,-3,0.844,0.95,55.778,0.497,3.963,40.186,58,10.715,5,24.242,0.191,94.041,341.355,4.333
2a,1,2.379,5.72,29,PHE:A170;GLY:A95;PHE:A173;GLU:A96;PHE:A198;THR:A194;TYR:A193;ALA:A189;LEU:A197;LEU:A185;VAL:A92;GLU:A224;ALA:A99;GLU:A190;LEU:A263,2.578,55.551,0.717,6.537,-3,0.561,0.888,48.8,0.538,3.893,32,46,7.5,5,31.034,0.155,63.051,242.406,4.267
alkaniv_c1,1,2.386,4.948,22,PHE:A170;GLY:A95;PHE:A173;THR:A189;VAL:A92;GLU:A96;PHE:A198;LEU:A197;GLU:A190;LEU:A185;GLU:A224;ALA:A99;THR:A194,2.041,45.89,0.605,5.661,-3,0.18,0.872,41.846,0.507,3.799,22,38,12.858,5,31.818,0.055,58.747,176.398,4.077
alkaniv_c3,3,2.37,6.866,34,LEU:A266;PHE:A265;ILE:A196;VAL:A91;ALA:A188;THR:A193;GLU:A189;PHE:A172;PHE:A197;GLU:A95;LEU:A169;LEU:A262;VAL:A90;TYR:A192;GLU:A223;LEU:A184;GLY:A94;ALA:A98,3.528,77.288,0.759,10.29,-3,0.836,0.959,55.778,0.508,3.94,41.045,58,11.786,5,26.471,0.256,89.074,334.667,4.333
atcc33728,2,2.389,7.553,41,TYR:A193;ALA:A189;ILE:A263;THR:A194;PHE:A173;GLU:A190;LEU:A185;PHE:A170;VAL:A92;PHE:A262;PHE:A266;PHE:A91;LEU:A197;LEU:A267;GLY:A95;GLU:A96;GLU:A224;ALA:A99;PHE:A198,4.19,68.835,0.781,10.937,-3,0.867,0.926,59.526,0.523,3.843,52.07,73,7.5,5,24.39,0.382,76.335,368.437,4.579
csurp8077,1,2.464,5.848,28,TYR:A193;THR:A194;LEU:A197;ALA:A189;PHE:A170;PHE:A173;GLU:A96;GLY:A95;PHE:A198;LEU:A263;GLU:A224;VAL:A92;GLU:A190;LEU:A185,2.629,55.551,0.69,6.154,-3,0.526,0.904,49.357,0.524,3.86,28,42,7.5,5,32.143,0.167,63.051,230.852,4.429
dsm26377,3,2.256,6.656,31,PHE:A174;ALA:A96;LEU:A186;PHE:A199;GLU:A97;THR:A195;GLU:A191;ILE:A198;ALA:A100;GLU:A225;TYR:A194;ALA:A190;LEU:A264;VAL:A92;THR:A93;LEU:A171;PHE:A267,3.625,65.212,0.809,8.514,-3,0.742,0.933,52.059,0.467,3.781,37,47,9.643,6,25.806,0.367,74.855,315.868,4.294
e11,2,2.554,7.523,39,GLU:A96;LEU:A197;VAL:A92;PHE:A198;THR:A194;GLU:A224;ILE:A263;PHE:A266;LEU:A267;GLY:A95;GLU:A190;ALA:A189;TYR:A193;PHE:A170;PHE:A173;PHE:A91;PHE:A262;LEU:A185,4.168,72.458,0.78,10.564,-3,0.85,0.909,60.556,0.49,3.799,42.739,59,9.643,5,25.641,0.406,82.101,358.662,4.722
elw1,1,2.295,6.995,31,GLU:A96;LEU:A185;PHE:A173;ALA:A95;GLU:A190;VAL:A92;PHE:A198;GLU:A224;ALA:A99;LEU:A263;PHE:A266;LEU:A197;PHE:A170;PHE:A262;VAL:A91;SER:A189;TYR:A193;THR:A194,4.15,56.759,0.791,10.463,-3,0.161,0.82,55.722,0.422,3.716,29.353,43,12.858,6,22.581,0.337,69.616,283.74,4.5
env421_1,1,2.298,5.702,29,GLU:A96;GLY:A95;PHE:A198;PHE:A170;LEU:A185;ALA:A99;GLU:A190;GLU:A224;THR:A194;LEU:A263;LEU:A197;VAL:A92;PHE:A173;ALA:A189;TYR:A193,2.439,51.928,0.717,6.622,-3,0.569,0.881,48.8,0.534,3.896,32,46,7.5,5,31.034,0.133,59.428,235.322,4.267
env421_3,3,2.281,6.828,35,GLU:A223;GLU:A95;PHE:A197;THR:A193;GLU:A189;LEU:A262;LEU:A169;ILE:A196;PHE:A265;LEU:A266;VAL:A91;GLY:A94;PHE:A172;VAL:A90;LEU:A184;ALA:A98;ALA:A188;TYR:A192,3.616,72.458,0.746,10.259,-3,0.834,0.942,55.778,0.514,3.922,43.532,63,9.643,5,25.714,0.365,82.101,330.037,4.333
gord1245752,3,2.466,6.807,35,THR:A193;ILE:A196;ALA:A188;GLY:A94;GLU:A95;GLU:A189;PHE:A172;TYR:A192;LEU:A184;VAL:A91;LEU:A262;ILE:A90;LEU:A169;PHE:A197;PHE:A265;LEU:A266;GLU:A223;ALA:A98,3.469,82.119,0.758,9.994,-3,0.821,0.938,57.056,0.515,3.935,44.085,62,8.572,5,25.714,0.248,90.69,333.358,4.389
ibe100,1,2.359,5.985,26,LEU:A195;SER:A187;THR:A192;ALA:A93;GLU:A94;LEU:A183;ALA:A97;PHE:A168;LEU:A261;TYR:A191;GLU:A188;PHE:A171;PHE:A196;VAL:A90;GLU:A222,2.858,60.381,0.8,6.487,-3,0.576,0.844,48.467,0.481,3.858,31,40,10.715,6,26.923,0.151,71.096,230.953,4.333
ibe200,1,2.578,5.958,26,GLU:A188;GLU:A94;GLU:A222;LEU:A183;VAL:A90;PHE:A196;ALA:A93;GLY:A187;PHE:A171;PHE:A168;LEU:A195;LEU:A261;ALA:A97;TYR:A191;THR:A192,2.79,71.25,0.895,6.687,-3,0.306,0.876,48.8,0.459,3.792,33,38,8.572,5,23.077,0.136,79.822,240.24,4.267
jcm15466,2,2.498,5.563,27,GLU:A45;GLY:A44;VAL:A41;THR:A143;PHE:A147;GLU:A173;LEU:A146;ALA:A138;ILE:A212;TYR:A142;LEU:A134;PHE:A122;ALA:A48;PHE:A119;GLU:A139,2.383,57.966,0.698,6.261,-3,0.164,0.846,48.933,0.534,3.982,29,43,9.643,5,25.926,0.14,67.609,249.864,4.267
jcm30996,1,2.514,8.416,25,VAL:A92;LEU:A263;LEU:A170;ILE:A91;PHE:A266;LEU:A197;GLY:A95;GLU:A96;LEU:A185;GLN:A267;THR:A194;ALA:A189;PHE:A173,3.807,83.326,0.829,9.966,-1,0.591,0.908,59.692,0.402,3.644,25.241,35,9.643,3,24,0.162,92.969,257.38,4.231
lentiflavum,3,2.495,6.292,32,ALA:A188;TYR:A192;LEU:A262;ILE:A196;GLU:A95;THR:A193;GLU:A223;GLU:A189;VAL:A91;PHE:A197;LEU:A169;ILE:A90;PHE:A265;LEU:A184;PHE:A172;GLY:A94;ALA:A98,3.223,76.081,0.75,9.785,-3,0.663,0.934,54.706,0.506,3.949,37.692,52,12.858,5,28.125,0.113,88.938,314.962,4.353
nbb4,1,2.235,5.275,25,GLU:A190;GLU:A96;GLU:A224;LEU:A185;PHE:A198;PHE:A170;VAL:A92;LEU:A197;THR:A194;PHE:A173;GLY:A95;ALA:A189;ALA:A99;LEU:A263,2.2,43.475,0.675,6.528,-3,0.56,0.898,47.786,0.541,3.908,26,40,10.715,4,32,0.149,54.189,225.294,4.071
nctc2275,2,2.402,7.424,38,GLU:A96;GLY:A95;PHE:A173;PHE:A198;THR:A194;PHE:A170;ALA:A189;LEU:A185;ALA:A99;TYR:A193;VAL:A92;PHE:A266;PHE:A262;ILE:A263;GLU:A190;GLU:A224;LEU:A197;PHE:A91;LEU:A267,4.112,72.458,0.793,10.303,-3,0.837,0.904,59.526,0.499,3.835,43.609,58,8.572,5,23.684,0.387,81.029,352.47,4.579
ph06,1,2.275,5.729,26,LEU:A263;TYR:A193;LEU:A197;PHE:A170;ALA:A95;THR:A194;GLU:A96;GLU:A224;GLU:A190;LEU:A185;PHE:A173;ALA:A99;PHE:A198;VAL:A92;ALA:A189,2.956,62.797,0.744,7.213,-3,0.64,0.868,51.533,0.474,3.836,28,39,11.786,5,26.923,0.197,74.583,246.526,4.333
ty,3,2.366,6.896,33,GLU:A95;PHE:A197;GLU:A223;THR:A193;VAL:A91;GLY:A94;VAL:A90;LEU:A262;LEU:A169;GLU:A189;ILE:A196;PHE:A172;ALA:A188;TYR:A192;LEU:A266;PHE:A265;LEU:A184;ALA:A98,3.594,79.703,0.741,10.061,-3,0.608,0.938,55.778,0.493,3.94,37.4,54,10.715,5,24.242,0.261,90.418,332.673,4.333